{
    "backgroundRadiusTL": 4,
    "backgroundRadiusTR": 4,
    "backgroundRadiusBL": 4,
    "backgroundRadiusBR": 4,
    "useMaxRadius": true,
    "useLayoutOptions": false,
    "childAlignment": 2,
    "layoutSizingOption": 14,
    "childAlignmentAxis": 1,
    "layoutMargin": {
        "m_Left": 0,
        "m_Right": 0,
        "m_Top": 0,
        "m_Bottom": 0
    },
    "layoutSpacing": 0.0,
    "shadowColor": {
        "r": 0.0,
        "g": 0.0,
        "b": 0.0,
        "a": 0.250980406999588
    },
    "size": 2.0,
    "softness": 0.10000000149011612,
    "offset": {
        "x": 0.0,
        "y": -2.0
    },
    "backgroundColor": {
        "m_NormalColor": {
            "r": 1.0,
            "g": 1.0,
            "b": 1.0,
            "a": 1.0
        },
        "m_HighlightedColor": {
            "r": 0.8784314393997192,
            "g": 0.8784314393997192,
            "b": 0.8784314393997192,
            "a": 1.0
        },
        "m_PressedColor": {
            "r": 0.8000000715255737,
            "g": 0.8000000715255737,
            "b": 0.8000000715255737,
            "a": 1.0
        },
        "m_SelectedColor": {
            "r": 0.8000000715255737,
            "g": 0.8000000715255737,
            "b": 0.8000000715255737,
            "a": 1.0
        },
        "m_DisabledColor": {
            "r": 0.9686275124549866,
            "g": 0.9686275124549866,
            "b": 0.9686275124549866,
            "a": 1.0
        },
        "m_ColorMultiplier": 1.0,
        "m_FadeDuration": 0.0
    },
    "backgroundSprite": {
        "instanceID": 0
    },
    "backgroundMaterial": {
        "instanceID": 0
    },
    "outlineColor": {
        "m_NormalColor": {
            "r": 0.7411764860153198,
            "g": 0.7411764860153198,
            "b": 0.7411764860153198,
            "a": 1.0
        },
        "m_HighlightedColor": {
            "r": 0.7411764860153198,
            "g": 0.7411764860153198,
            "b": 0.7411764860153198,
            "a": 1.0
        },
        "m_PressedColor": {
            "r": 0.7411764860153198,
            "g": 0.7411764860153198,
            "b": 0.7411764860153198,
            "a": 1.0
        },
        "m_SelectedColor": {
            "r": 0.7411764860153198,
            "g": 0.7411764860153198,
            "b": 0.7411764860153198,
            "a": 1.0
        },
        "m_DisabledColor": {
            "r": 0.9019608497619629,
            "g": 0.9019608497619629,
            "b": 0.9019608497619629,
            "a": 1.0
        },
        "m_ColorMultiplier": 1.0,
        "m_FadeDuration": 0.0
    },
    "outlineWidth": 1,
    "detailColor": {
        "m_NormalColor": {
            "r": 0.12941177189350129,
            "g": 0.12941177189350129,
            "b": 0.12941177189350129,
            "a": 1.0
        },
        "m_HighlightedColor": {
            "r": 0.12941177189350129,
            "g": 0.12941177189350129,
            "b": 0.12941177189350129,
            "a": 1.0
        },
        "m_PressedColor": {
            "r": 0.12941177189350129,
            "g": 0.12941177189350129,
            "b": 0.12941177189350129,
            "a": 1.0
        },
        "m_SelectedColor": {
            "r": 0.12941177189350129,
            "g": 0.12941177189350129,
            "b": 0.12941177189350129,
            "a": 1.0
        },
        "m_DisabledColor": {
            "r": 0.5283018946647644,
            "g": 0.5283018946647644,
            "b": 0.5283018946647644,
            "a": 1.0
        },
        "m_ColorMultiplier": 1.0,
        "m_FadeDuration": 0.0
    },
    "detailSprite": {
        "instanceID": 0
    },
    "detailMaterial": {
        "instanceID": 0
    }
}