{
    "backgroundRadiusTL": 2,
    "backgroundRadiusTR": 2,
    "backgroundRadiusBL": 2,
    "backgroundRadiusBR": 2,
    "useMaxRadius": false,
    "useLayoutOptions": false,
    "childAlignment": 0,
    "layoutSizingOption": 0,
    "childAlignmentAxis": 0,
    "layoutMargin": {
        "m_Left": 0,
        "m_Right": 0,
        "m_Top": 0,
        "m_Bottom": 0
    },
    "layoutSpacing": 0.0,
    "shadowColor": {
        "r": 0.0,
        "g": 0.0,
        "b": 0.0,
        "a": 0.0
    },
    "size": 0.0,
    "softness": 0.0,
    "offset": {
        "x": 0.0,
        "y": 0.0
    },
    "backgroundColor": {
        "m_NormalColor": {
            "r": 0.0,
            "g": 0.0,
            "b": 0.0,
            "a": 0.0
        },
        "m_HighlightedColor": {
            "r": 0.0,
            "g": 0.0,
            "b": 0.0,
            "a": 0.0
        },
        "m_PressedColor": {
            "r": 0.0,
            "g": 0.0,
            "b": 0.0,
            "a": 0.0
        },
        "m_SelectedColor": {
            "r": 0.0,
            "g": 0.0,
            "b": 0.0,
            "a": 0.0
        },
        "m_DisabledColor": {
            "r": 0.0,
            "g": 0.0,
            "b": 0.0,
            "a": 0.0
        },
        "m_ColorMultiplier": 1.0,
        "m_FadeDuration": 0.0
    },
    "backgroundSprite": {
        "instanceID": 0
    },
    "backgroundMaterial": {
        "instanceID": 0
    },
    "outlineColor": {
        "m_NormalColor": {
            "r": 0.40000003576278689,
            "g": 0.40000003576278689,
            "b": 0.40000003576278689,
            "a": 1.0
        },
        "m_HighlightedColor": {
            "r": 0.29411765933036806,
            "g": 0.29411765933036806,
            "b": 0.29411765933036806,
            "a": 1.0
        },
        "m_PressedColor": {
            "r": 0.29411765933036806,
            "g": 0.29411765933036806,
            "b": 0.29411765933036806,
            "a": 1.0
        },
        "m_SelectedColor": {
            "r": 0.4000000059604645,
            "g": 0.4000000059604645,
            "b": 0.4000000059604645,
            "a": 1.0
        },
        "m_DisabledColor": {
            "r": 0.4000000059604645,
            "g": 0.4000000059604645,
            "b": 0.4000000059604645,
            "a": 1.0
        },
        "m_ColorMultiplier": 1.0,
        "m_FadeDuration": 0.0
    },
    "outlineWidth": 2,
    "detailColor": {
        "m_NormalColor": {
            "r": 0.0,
            "g": 0.0,
            "b": 0.0,
            "a": 0.0
        },
        "m_HighlightedColor": {
            "r": 0.0,
            "g": 0.0,
            "b": 0.0,
            "a": 0.0
        },
        "m_PressedColor": {
            "r": 0.0,
            "g": 0.0,
            "b": 0.0,
            "a": 0.0
        },
        "m_SelectedColor": {
            "r": 0.0,
            "g": 0.0,
            "b": 0.0,
            "a": 0.0
        },
        "m_DisabledColor": {
            "r": 0.0,
            "g": 0.0,
            "b": 0.0,
            "a": 0.0
        },
        "m_ColorMultiplier": 1.0,
        "m_FadeDuration": 0.0
    },
    "detailSprite": {
        "instanceID": 0
    },
    "detailMaterial": {
        "instanceID": 0
    },
    "pressedBackgroundColor": {
        "m_NormalColor": {
            "r": 0.8784313797950745,
            "g": 0.1411764770746231,
            "b": 0.1568627506494522,
            "a": 1.0
        },
        "m_HighlightedColor": {
            "r": 0.7215686440467835,
            "g": 0.11764705926179886,
            "b": 0.12941177189350129,
            "a": 1.0
        },
        "m_PressedColor": {
            "r": 0.7215686440467835,
            "g": 0.11764705926179886,
            "b": 0.12941177189350129,
            "a": 1.0
        },
        "m_SelectedColor": {
            "r": 0.8784313797950745,
            "g": 0.1411764770746231,
            "b": 0.1568627506494522,
            "a": 1.0
        },
        "m_DisabledColor": {
            "r": 0.8784313797950745,
            "g": 0.1411764770746231,
            "b": 0.1568627506494522,
            "a": 1.0
        },
        "m_ColorMultiplier": 1.0,
        "m_FadeDuration": 0.0
    },
    "pressedBackgroundSprite": {
        "instanceID": 0
    },
    "pressedOutlineColor": {
        "m_NormalColor": {
            "r": 0.4000000059604645,
            "g": 0.4000000059604645,
            "b": 0.4000000059604645,
            "a": 1.0
        },
        "m_HighlightedColor": {
            "r": 0.29411765933036806,
            "g": 0.29411765933036806,
            "b": 0.29411765933036806,
            "a": 1.0
        },
        "m_PressedColor": {
            "r": 0.29411765933036806,
            "g": 0.29411765933036806,
            "b": 0.29411765933036806,
            "a": 1.0
        },
        "m_SelectedColor": {
            "r": 0.4000000059604645,
            "g": 0.4000000059604645,
            "b": 0.4000000059604645,
            "a": 1.0
        },
        "m_DisabledColor": {
            "r": 0.4000000059604645,
            "g": 0.4000000059604645,
            "b": 0.4000000059604645,
            "a": 1.0
        },
        "m_ColorMultiplier": 1.0,
        "m_FadeDuration": 0.0
    },
    "pressedOutlineWidth": 2,
    "pressedDetailColor": {
        "m_NormalColor": {
            "r": 1.0,
            "g": 1.0,
            "b": 1.0,
            "a": 1.0
        },
        "m_HighlightedColor": {
            "r": 0.8823529481887817,
            "g": 0.8823529481887817,
            "b": 0.8823529481887817,
            "a": 1.0
        },
        "m_PressedColor": {
            "r": 0.8823529481887817,
            "g": 0.8823529481887817,
            "b": 0.8823529481887817,
            "a": 1.0
        },
        "m_SelectedColor": {
            "r": 1.0,
            "g": 1.0,
            "b": 1.0,
            "a": 1.0
        },
        "m_DisabledColor": {
            "r": 1.0,
            "g": 1.0,
            "b": 1.0,
            "a": 1.0
        },
        "m_ColorMultiplier": 1.0,
        "m_FadeDuration": 0.0
    }
}